{"cameraMode":{"drawMode":0,"name":"Shaded","section":"Shading Mode"},"sceneLighting":true,"audioPlay":false,"sceneViewState":{"showFog":true,"showMaterialUpdate":false,"showSkybox":true,"showFlares":true,"showImageEffects":true,"showParticleSystems":true},"in2DMode":false,"pivot":{"x":1.7959942817687989,"y":-0.7000194787979126,"z":-0.3644428551197052},"rotation":{"x":-0.020390618592500688,"y":0.9619703888893127,"z":-0.261898398399353,"w":-0.07489456236362457},"size":1.8817987442016602,"orthographic":false}