{"cameraMode":{"drawMode":0,"name":"Shaded","section":"Shading Mode"},"sceneLighting":true,"audioPlay":false,"sceneViewState":{"showFog":true,"showMaterialUpdate":false,"showSkybox":true,"showFlares":true,"showImageEffects":true,"showParticleSystems":true},"in2DMode":false,"pivot":{"x":1.4926730394363404,"y":-0.7512774467468262,"z":-0.5695666074752808},"rotation":{"x":-0.04787832871079445,"y":0.9403467774391174,"z":-0.3020586669445038,"w":-0.1490515172481537},"size":2.70739483833313,"orthographic":false}