{"cameraMode":{"drawMode":0,"name":"Shaded","section":"Shading Mode"},"sceneLighting":true,"audioPlay":false,"sceneViewState":{"showFog":true,"showMaterialUpdate":false,"showSkybox":true,"showFlares":true,"showImageEffects":true,"showParticleSystems":true},"in2DMode":false,"pivot":{"x":2.6588621139526369,"y":1.120413064956665,"z":2.1417722702026369},"rotation":{"x":-0.11048506200313568,"y":0.8235031962394714,"z":-0.17192000150680543,"w":-0.5292341113090515},"size":2.8489890098571779,"orthographic":false}