{"cameraMode":{"drawMode":0,"name":"Shaded","section":"Shading Mode"},"sceneLighting":true,"audioPlay":false,"sceneViewState":{"showFog":true,"showMaterialUpdate":false,"showSkybox":true,"showFlares":true,"showImageEffects":true,"showParticleSystems":true},"in2DMode":false,"pivot":{"x":-4.024537563323975,"y":-3.7139780521392824,"z":-2.793605327606201},"rotation":{"x":-0.06279885023832321,"y":0.9231759905815125,"z":-0.338360071182251,"w":-0.17140227556228639},"size":6.178084850311279,"orthographic":false}