{"cameraMode":{"drawMode":0,"name":"Shaded","section":"Shading Mode"},"sceneLighting":true,"audioPlay":false,"sceneViewState":{"showFog":true,"showMaterialUpdate":false,"showSkybox":true,"showFlares":true,"showImageEffects":true,"showParticleSystems":true},"in2DMode":false,"pivot":{"x":-21.699312210083009,"y":-3.0379140377044679,"z":-15.620590209960938},"rotation":{"x":-0.035701289772987369,"y":0.8912628293037415,"z":-0.07128386944532395,"w":-0.4464515745639801},"size":14.945472717285157,"orthographic":false}