{"cameraMode":{"drawMode":0,"name":"Shaded","section":"Shading Mode"},"sceneLighting":true,"audioPlay":false,"sceneViewState":{"showFog":true,"showMaterialUpdate":false,"showSkybox":true,"showFlares":true,"showImageEffects":true,"showParticleSystems":true},"in2DMode":false,"pivot":{"x":-0.045580893754959109,"y":0.037582337856292728,"z":2.052175283432007},"rotation":{"x":-0.2565489709377289,"y":-0.6286629438400269,"z":0.2314826250076294,"w":-0.6967260241508484},"size":1.078223466873169,"orthographic":false}