{"cameraMode":{"drawMode":0,"name":"Shaded","section":"Shading Mode"},"sceneLighting":true,"audioPlay":false,"sceneViewState":{"showFog":true,"showMaterialUpdate":false,"showSkybox":true,"showFlares":true,"showImageEffects":true,"showParticleSystems":true},"in2DMode":false,"pivot":{"x":0.49145880341529848,"y":-1.9674556255340577,"z":-4.129774570465088},"rotation":{"x":0.003821391612291336,"y":0.9628151655197144,"z":-0.2699020802974701,"w":0.013587496243417263},"size":4.373203277587891,"orthographic":false}