{"cameraMode":{"drawMode":0,"name":"Shaded","section":"Shading Mode"},"sceneLighting":false,"audioPlay":false,"sceneViewState":{"showFog":true,"showMaterialUpdate":false,"showSkybox":false,"showFlares":true,"showImageEffects":true,"showParticleSystems":true},"in2DMode":false,"pivot":{"x":0.0,"y":0.10300000011920929,"z":2.378000020980835},"rotation":{"x":0.016353677958250047,"y":0.8821267485618591,"z":-0.4697335660457611,"w":0.030711233615875245},"size":0.17822350561618806,"orthographic":false}